{
    "CLI_package_name": "certora-cli",
    "CLI_version": "7.20.3",
    "branch": "master",
    "certora_ci_client": null,
    "conf": {
        "assert_autofinder_success": true,
        "files": [
            "contracts/UniswapV2Pair.sol",
            "contracts/UniswapV2Factory.sol",
            "certora/helpers/ERC20/DummyERC20A.sol",
            "certora/helpers/ERC20/DummyERC20B.sol",
            "certora/harnesses/UniswapV2Callee.sol"
        ],
        "link": [
            "UniswapV2Pair:token0=DummyERC20A",
            "UniswapV2Pair:token1=DummyERC20B",
            "UniswapV2Pair:factory=UniswapV2Factory",
            "UniswapV2Callee:pool=UniswapV2Pair"
        ],
        "msg": "Verification of the Uniswap V2 Pair",
        "mutations": {
            "gambit": [
                {
                    "filename": "contracts/UniswapV2Pair.sol",
                    "num_mutants": 80
                }
            ]
        },
        "optimistic_loop": true,
        "process": "emv",
        "protocol_name": "Uniswap V2 Core",
        "rule": [
            "integrityOfSwapWithFL"
        ],
        "rule_sanity": "basic",
        "summary_recursion_limit": "1",
        "verify": "UniswapV2Pair:certora/specs/V2Pair.spec"
    },
    "conf_path": "V2Pair.conf",
    "cwd_relative": ".",
    "dirty": true,
    "group_id": null,
    "main_spec": "certora/specs/V2Pair.spec",
    "origin": "https://github.com/moeid3/v2-core.git",
    "python_version": "3.10.12",
    "raw_args": [
        "/home/joyboy3/.local/bin/certoraRun",
        "certora/confs/V2Pair.conf",
        "--rule",
        "integrityOfSwapWithFL"
    ],
    "revision": "ee547b17853e71ed4e0101ccfd52e70d5acded58",
    "timestamp": "1732787149.983291"
}